lead_id,timestamp,name,company,email,phone,project_type,project_location,square_footage,construction_stage,trades,estimate_type,plans_available,drawing_sheets,bid_due_date,special_requirements,files
LEAD-1791273594,2026-10-06 12:59:54,Robert Taylor,Taylor Builders,robert@taylorbuilders.com,(555) 987-6543,Commercial,N/A,"40,000 sq ft",N/A,"Electrical, Plumbing, HVAC / Mechanical",N/A,Yes (PDF),N/A,N/A,,
LEAD-1791273594,2026-10-06 13:00:23,Robert Taylor,Taylor Builders,robert@taylorbuilders.com,(555) 987-6543,Commercial,N/A,"40,000 sq ft",N/A,"Electrical, Plumbing, HVAC / Mechanical",N/A,Yes (PDF),N/A,N/A,,
LEAD-1791273594,2026-10-06 13:01:06,Robert Taylor,Taylor Builders,robert@taylorbuilders.com,(555) 987-6543,Commercial,N/A,"40,000 sq ft",N/A,"Electrical, Plumbing, HVAC / Mechanical",N/A,Yes (PDF),N/A,N/A,,
LEAD-1791273594,2026-10-06 13:01:51,Robert Taylor,Taylor Builders,robert@taylorbuilders.com,(555) 987-6543,Commercial,N/A,"40,000 sq ft",N/A,"Electrical, Plumbing, HVAC / Mechanical",N/A,Yes (PDF),N/A,N/A,,
LEAD-1791273594,2026-10-06 13:02:06,Robert Taylor,Taylor Builders,robert@taylorbuilders.com,(555) 987-6543,Commercial,N/A,"40,000 sq ft",N/A,"Electrical, Plumbing, HVAC / Mechanical",N/A,Yes (PDF),N/A,N/A,,
LEAD-1791273820,2026-10-06 13:03:40,Robert Taylor,Taylor Builders,robert@taylorbuilders.com,(555) 987-6543,Commercial,N/A,"40,000 sq ft",N/A,"Electrical, Plumbing, HVAC / Mechanical",N/A,Yes (PDF),N/A,N/A,,
LEAD-1791273820,2026-10-06 13:17:47,Robert Taylor,Taylor Builders,robert@taylorbuilders.com,(555) 987-6543,Commercial,N/A,"40,000 sq ft",N/A,"Electrical, Plumbing, HVAC / Mechanical",N/A,Yes (PDF),N/A,N/A,,
LEAD-1791273820,2026-10-06 13:23:59,Robert Taylor,Taylor Builders,robert@taylorbuilders.com,(555) 987-6543,Commercial,N/A,"40,000 sq ft",N/A,"Electrical, Plumbing, HVAC / Mechanical",N/A,Yes (PDF),N/A,N/A,,
LEAD-1791273820,2026-10-06 13:24:27,Robert Taylor,Taylor Builders,robert@taylorbuilders.com,(555) 987-6543,Commercial,N/A,"40,000 sq ft",N/A,"Electrical, Plumbing, HVAC / Mechanical",N/A,Yes (PDF),N/A,N/A,,
LEAD-1791273820,2026-10-06 13:42:13,Robert Taylor,Taylor Builders,robert@taylorbuilders.com,(555) 987-6543,Commercial,N/A,"40,000 sq ft",N/A,"Electrical, Plumbing, HVAC / Mechanical",N/A,Yes (PDF),N/A,N/A,,
LEAD-1791273820,2026-10-06 13:42:54,Robert Taylor,Taylor Builders,robert@taylorbuilders.com,(555) 987-6543,Commercial,N/A,"40,000 sq ft",N/A,"Electrical, Plumbing, HVAC / Mechanical",N/A,Yes (PDF),N/A,N/A,,
LEAD-1791273820,2026-10-06 13:47:57,Robert Taylor,Taylor Builders,robert@taylorbuilders.com,(555) 987-6543,Commercial,N/A,"40,000 sq ft",N/A,"Electrical, Plumbing, HVAC / Mechanical",N/A,Yes (PDF),N/A,N/A,,
LEAD-1791273820,2026-10-06 13:49:47,Robert Taylor,Taylor Builders,robert@taylorbuilders.com,(555) 987-6543,Commercial,N/A,"40,000 sq ft",N/A,"Electrical, Plumbing, HVAC / Mechanical",N/A,Yes (PDF),N/A,N/A,,
LEAD-1791273820,2026-10-06 13:50:13,Robert Taylor,Taylor Builders,robert@taylorbuilders.com,(555) 987-6543,Commercial,N/A,"40,000 sq ft",N/A,"Electrical, Plumbing, HVAC / Mechanical",N/A,Yes (PDF),N/A,N/A,,
LEAD-1791273820,2026-10-06 13:51:03,Robert Taylor,Taylor Builders,robert@taylorbuilders.com,(555) 987-6543,Commercial,N/A,"40,000 sq ft",N/A,"Electrical, Plumbing, HVAC / Mechanical",N/A,Yes (PDF),N/A,N/A,,
LEAD-1791273820,2026-10-06 14:04:08,Robert Taylor,Taylor Builders,robert@taylorbuilders.com,(555) 987-6543,Commercial,N/A,"40,000 sq ft",N/A,"Electrical, Plumbing, HVAC / Mechanical",N/A,Yes (PDF),N/A,N/A,,
LEAD-1791273820,2026-10-06 14:07:14,Robert Taylor,Taylor Builders,robert@taylorbuilders.com,(555) 987-6543,Commercial,N/A,"40,000 sq ft",N/A,"Electrical, Plumbing, HVAC / Mechanical",N/A,Yes (PDF),N/A,N/A,,
LEAD-1791273820,2026-10-06 14:08:30,Robert Taylor,Taylor Builders,robert@taylorbuilders.com,(555) 987-6543,Commercial,N/A,"40,000 sq ft",N/A,"Electrical, Plumbing, HVAC / Mechanical",N/A,Yes (PDF),N/A,N/A,,
LEAD-1791273820,2026-10-06 14:09:49,Robert Taylor,Taylor Builders,robert@taylorbuilders.com,(555) 987-6543,Commercial,N/A,"40,000 sq ft",N/A,"Electrical, Plumbing, HVAC / Mechanical",N/A,Yes (PDF),N/A,N/A,,
LEAD-1791273820,2026-10-06 14:29:50,Robert Taylor,Taylor Builders,robert@taylorbuilders.com,(555) 987-6543,Commercial,N/A,"40,000 sq ft",N/A,"Electrical, Plumbing, HVAC / Mechanical",N/A,Yes (PDF),N/A,N/A,,
LEAD-1791273820,2026-10-06 14:40:57,Robert Taylor,Taylor Builders,robert@taylorbuilders.com,(555) 987-6543,Commercial,N/A,"40,000 sq ft",N/A,"Electrical, Plumbing, HVAC / Mechanical",N/A,Yes (PDF),N/A,N/A,,
LEAD-1791273820,2026-10-06 14:52:07,Robert Taylor,Taylor Builders,robert@taylorbuilders.com,(555) 987-6543,Commercial,N/A,"40,000 sq ft",N/A,"Electrical, Plumbing, HVAC / Mechanical",N/A,Yes (PDF),N/A,N/A,,
LEAD-1791273820,2026-10-06 14:55:52,Robert Taylor,Taylor Builders,robert@taylorbuilders.com,(555) 987-6543,Commercial,N/A,"40,000 sq ft",N/A,"Electrical, Plumbing, HVAC / Mechanical",N/A,Yes (PDF),N/A,N/A,,
